1,1,348,180,452,152,31,143,203,212,171
2,2,511,348,261,180,171,420,239,28,515
3,3,498,90,354,227,294,499,68,102,17
4,4,124,303,36,455,184,156,251,66,315
5,5,121,13,138,374,200,60,209,249,416
6,6,59,390,91,293,424,300,90,374,235
7,7,492,419,90,231,144,341,430,46,102
8,8,351,231,223,46,135,99,19,279,96
9,9,296,263,336,297,352,396,476,212,458
10,10,452,87,412,396,443,101,71,54,313
11,11,187,261,511,448,313,171,2,437,378
12,427,12,315,151,429,363,483,161,493,66
13,13,121,374,5,200,358,284,473,209,227
14,14,439,70,269,245,119,398,473,376,95
15,15,53,57,43,22,244,392,162,181,288
16,26,16,368,268,101,450,118,391,230,217
17,17,294,341,90,492,102,76,349,390,410
18,18,226,334,216,152,203,514,310,368,1
19,19,8,351,492,135,99,410,366,90,231
20,20,274,442,46,213,82,319,223,433,30
21,21,394,391,40,87,268,450,92,164,146
22,125,22,15,244,312,394,40,177,53,243
23,23,201,235,170,373,29,415,259,486,402
24,24,201,247,193,214,474,141,468,23,447
25,25,492,423,496,339,90,502,102,349,250
26,26,230,217,16,118,393,271,314,313,92
27,27,48,71,173,210,450,136,476,180,514
28,28,141,114,31,389,420,2,368,402,379
29,373,235,339,29,475,507,23,486,161,201
30,30,421,172,469,293,354,302,60,505,418
31,31,28,114,377,420,1,141,368,402,2
32,432,32,404,409,234,97,389,9,304,221
33,33,463,69,116,397,493,461,381,43,53
34,34,133,383,297,146,503,314,313,40,352
35,35,235,479,300,286,224,327,373,29,293
36,36,124,193,59,404,300,6,293,432,388
37,37,269,78,346,421,158,119,376,191,331
38,38,103,49,153,337,318,172,294,209,354
39,39,326,179,323,142,434,107,43,430,465
40,40,394,383,21,391,133,87,220,243,104
41,41,70,119,95,267,445,145,365,14,202
42,42,46,223,231,407,213,430,17,509,8
43,43,179,436,323,343,275,460,103,142,326
44,44,267,240,145,386,328,419,481,209,160
45,45,153,298,325,103,413,354,135,89,68
46,46,351,223,8,83,231,354,341,90,390
47,47,108,377,512,71,287,48,2,437,173
48,48,71,210,27,287,180,512,242,348,173
49,49,38,398,211,421,267,318,105,240,209
50,50,144,280,498,335,19,8,186,356,7
51,51,476,242,210,136,65,189,204,370,113
52,52,390,84,341,473,189,370,424,509,102
53,53,15,181,499,288,57,126,463,134,192
54,54,48,71,282,180,348,10,345,171,87
55,55,183,243,117,146,16,120,268,368,93
56,56,224,132,375,257,264,191,99,428,142
57,57,15,53,408,436,162,125,181,192,126
58,58,296,357,130,86,468,254,311,336,97
59,6,390,293,90,91,235,339,59,180,358
60,60,64,172,374,433,491,413,209,138,46
61,61,376,346,316,160,166,264,161,490,318
62,62,266,109,273,514,456,26,230,327,322
63,63,420,28,389,379,368,141,31,402,114
64,64,60,321,172,430,186,88,491,495,227
65,65,242,210,476,48,148,258,71,51,308
66,66,151,429,483,130,12,427,303,251,363
67,67,163,378,194,290,234,253,511,409,261
68,68,298,317,316,499,325,307,160,299,227
69,69,33,463,307,315,321,23,181,249,490
70,70,445,267,41,129,481,209,497,44,298
71,71,48,287,210,512,180,348,27,173,242
72,72,306,361,488,370,223,453,469,509,424
73,73,436,343,116,312,35,88,451,463,43
74,74,276,391,215,93,313,21,92,87,314
75,75,208,140,165,224,257,146,500,238,179
76,76,341,438,294,320,486,390,90,250,102
77,77,238,395,177,195,74,56,471,301,482
78,78,166,79,346,172,286,37,158,376,116
79,79,78,166,172,121,346,416,433,116,358
80,80,358,284,200,374,227,209,43,172,59
81,81,298,68,284,358,507,316,85,387,499
82,82,319,274,442,213,38,209,20,289,337
83,83,384,46,516,433,354,435,96,279,351
84,84,293,113,506,331,433,91,362,489,286
85,85,497,59,112,1,475,250,209,298,29
86,86,58,296,130,411,369,357,519,149,254
87,87,450,10,21,391,210,212,452,394,242
88,88,321,495,64,186,153,172,343,436,451
89,89,397,493,463,105,191,103,438,467,346
90,90,390,502,423,102,341,349,59,492,250
91,91,59,293,6,390,433,84,96,113,300
92,92,164,391,207,313,230,314,26,271,514
93,93,276,391,243,164,92,192,74,449,368
94,94,278,289,505,369,229,516,294,447,232
95,95,41,267,49,14,145,70,365,421,311
96,96,435,113,293,433,425,142,351,489,434
97,97,357,290,295,254,32,487,130,432,296
98,98,515,131,2,295,47,511,239,512,222
99,99,135,248,142,508,434,351,323,139,8
100,100,67,163,253,234,290,378,194,369,474
101,101,503,271,345,313,314,192,391,449,26
102,102,349,90,424,341,502,390,444,384,492
103,103,105,283,413,43,38,248,172,354,99
104,104,394,40,383,21,87,146,472,230,450
105,105,103,413,43,127,397,283,248,469,337
106,106,139,281,323,508,436,305,343,179,434
107,107,500,179,323,326,39,43,142,434,281
108,108,47,377,512,287,71,48,478,2,437
109,109,170,327,322,435,23,286,62,29,266
110,110,25,366,351,259,8,139,163,46,502
111,111,474,333,468,519,350,287,512,446,348
112,112,85,475,121,245,166,500,113,396,433
113,113,96,489,293,84,433,370,475,506,453
114,114,28,31,420,2,379,47,141,402,377
115,115,120,207,118,243,92,399,164,55,183
116,463,381,116,43,436,467,224,166,78,257
117,117,183,55,146,16,391,215,394,21,450
118,26,167,118,16,393,313,230,314,92,217
119,119,416,178,158,37,78,346,191,5,264
120,120,243,207,92,115,125,164,93,379,55
121,121,13,358,5,374,166,200,227,172,112
122,122,441,406,421,359,490,346,317,456,145
123,123,352,297,314,313,403,476,271,513,133
124,124,36,366,6,59,300,430,454,91,303
125,125,22,243,120,312,15,518,177,57,53
126,126,392,181,451,175,53,342,291,499,134
127,127,105,139,219,436,43,381,106,460,103
128,128,355,291,356,265,342,182,387,169,134
129,129,267,298,497,365,240,70,44,68,332
130,130,357,58,333,254,97,111,474,411,519
131,131,515,348,295,203,357,239,152,154,287
132,132,56,224,397,305,403,271,101,314,503
133,133,383,34,297,40,503,314,403,352,217
134,134,457,342,499,260,291,387,392,181,255
135,135,99,248,142,434,351,508,8,139,323
136,136,71,48,27,173,450,287,514,512,175
137,137,480,228,482,508,140,461,435,364,326
138,138,5,60,413,178,374,13,121,64,270
139,139,106,99,135,248,305,508,281,323,502
140,140,179,323,383,75,107,461,272,426,508
141,141,28,402,487,368,247,389,31,114,409
142,142,434,508,179,425,323,99,281,326,135
143,143,1,212,452,396,152,412,348,336,203
144,144,498,186,227,231,490,280,424,102,358
145,145,267,44,441,240,447,328,481,209,193
146,146,117,21,215,394,55,34,40,87,383
147,147,241,339,492,419,227,170,442,59,265
148,148,171,180,348,396,412,336,242,189,452
149,149,308,189,519,148,258,396,411,350,1
150,150,205,128,169,175,213,429,274,401,182
151,151,429,483,66,427,12,363,97,315,161
152,152,203,1,348,212,452,368,357,373,180
153,153,354,88,38,103,428,184,351,135,325
154,154,287,512,71,210,450,48,131,458,222
155,155,161,166,454,214,467,78,303,316,376
156,156,447,240,44,386,247,145,193,209,88
157,157,328,318,264,346,158,191,320,467,267
158,158,346,191,264,376,157,327,78,456,510
159,159,231,361,186,236,430,144,418,223,444
160,160,316,61,451,44,419,298,328,317,218
161,161,284,200,166,373,475,235,307,467,61
162,162,15,57,53,22,175,484,518,408,277
163,378,234,511,163,261,67,409,389,194,187
164,164,92,391,449,207,93,101,479,399,27
165,165,224,75,257,245,489,352,286,500,132
166,78,376,358,166,161,475,121,79,200,61
167,167,118,345,26,393,101,479,314,287,16
168,168,475,166,338,112,347,78,143,373,29
169,169,128,205,150,483,22,125,356,518,175
170,170,109,235,23,379,29,239,507,373,339
171,171,180,148,348,261,412,452,511,2,48
172,172,358,433,227,64,60,78,284,96,186
173,71,514,48,512,27,437,450,287,372,47
174,174,275,43,343,103,436,213,413,105,356
175,291,175,392,136,342,126,181,387,401,191
176,176,364,266,193,259,435,110,447,23,36
177,177,312,22,125,493,264,394,322,346,158
178,178,60,413,119,473,78,416,72,469,306
179,179,323,43,326,142,39,107,434,508,465
180,180,348,171,148,48,71,1,2,452,261
181,499,392,181,53,126,437,134,514,288,457
182,182,319,442,505,128,274,213,387,254,81
183,183,55,117,243,16,268,482,120,368,215
184,184,172,227,358,153,465,381,275,43,116
185,185,456,64,491,298,175,60,328,355,346
186,186,491,430,321,144,64,172,88,231,227
187,187,11,261,212,511,448,2,171,378,452
188,188,512,437,377,514,287,192,141,47,402
189,189,148,396,412,171,308,452,203,242,476
190,190,358,209,227,427,504,491,455,315,347
191,191,264,346,510,158,428,316,375,161,157
192,192,449,345,101,313,508,271,314,503,188
193,193,447,339,214,36,454,419,430,39,145
194,194,295,487,389,141,402,409,67,234,368
195,195,74,276,77,93,207,470,216,391,310
196,196,263,204,296,65,352,146,9,87,458
197,197,462,372,419,492,339,384,317,25,366
198,198,235,486,502,90,76,432,390,348,320
199,199,46,388,520,52,390,331,341,102,509
200,200,284,358,374,161,473,475,227,13,59
201,201,23,235,141,29,373,415,28,486,214
202,202,145,328,267,232,157,316,44,365,155
203,152,487,1,348,212,368,131,203,357,452
204,204,242,51,476,352,210,458,336,196,263
205,205,169,429,150,128,151,97,483,66,175
206,206,468,487,203,247,372,474,462,368,285
207,207,92,217,120,164,391,514,271,243,230
208,208,75,500,107,179,140,323,165,326,39
209,209,267,358,284,200,374,44,481,60,85
210,242,48,71,287,512,448,476,171,27,148
211,211,49,353,267,105,240,44,318,38,219
212,212,452,152,412,1,203,336,396,348,171
213,213,274,356,442,265,319,498,431,355,354
214,214,373,507,327,155,486,235,23,29,193
215,215,74,146,276,117,391,16,93,92,21
216,216,226,334,368,18,420,478,329,28,108
217,217,26,207,271,230,314,313,494,92,101
218,218,160,161,428,291,316,61,191,264,68
219,219,413,267,337,127,105,397,103,44,209
220,220,394,40,164,391,21,472,92,207,383
221,221,404,333,372,247,136,468,111,462,203
222,222,512,514,287,254,450,154,131,152,422
223,223,46,8,231,351,492,341,361,306,83
224,224,56,165,132,35,467,320,463,327,179
225,225,305,106,323,508,434,142,179,281,135
226,226,216,18,334,368,152,360,203,450,1
227,227,358,284,172,241,200,144,121,374,184
228,228,414,465,281,434,326,142,508,137,248
229,229,519,94,112,85,411,497,294,489,447
230,230,26,479,92,472,514,217,314,271,313
231,231,8,223,444,351,361,159,46,424,102
232,232,376,202,158,346,191,316,155,61,264
233,233,281,106,508,228,434,364,139,323,142
234,234,163,409,263,304,203,131,194,432,152
235,235,29,415,373,35,59,339,486,286,502
236,236,410,335,344,231,488,424,19,159,223
237,237,414,417,96,293,435,85,500,272,450
238,238,224,323,35,179,74,77,482,460,312
239,239,515,348,2,180,379,131,420,389,171
240,240,267,44,386,384,129,145,209,481,298
241,241,339,147,227,492,419,59,90,114,435
242,242,210,65,476,48,71,148,287,51,308
243,243,120,93,125,55,183,394,391,40,164
244,244,15,22,288,392,103,53,461,383,275
245,245,475,112,113,165,373,166,5,29,257
246,246,155,112,324,374,91,78,5,200,166
247,247,141,462,372,28,468,402,487,368,206
248,248,135,99,326,142,323,179,434,103,139
249,249,284,200,358,209,227,298,5,13,121
250,250,423,90,390,76,502,171,85,2,180
251,251,483,66,12,427,429,156,4,151,190
252,252,361,491,280,306,72,213,274,178,424
253,253,67,188,100,448,163,378,437,187,192
254,254,357,514,512,222,437,287,173,450,154
255,255,499,457,134,342,181,409,387,291,288
256,256,51,65,34,476,242,210,196,458,263
257,257,397,463,161,56,116,78,224,166,493
258,258,65,476,242,51,27,210,189,48,133
259,259,23,170,201,160,109,194,198,379,389
260,260,342,134,457,291,499,141,28,392,387
261,261,511,378,171,2,348,180,448,11,187
262,262,448,261,511,479,210,2,313,171,230
263,263,296,9,234,196,336,163,311,204,65
264,264,191,510,346,158,428,157,375,61,161
265,265,356,442,213,274,355,321,319,128,354
266,266,62,109,400,23,435,514,327,364,363
267,267,44,240,145,481,209,129,298,70,316
268,268,16,21,391,164,368,243,450,93,92
269,269,37,376,166,121,5,119,324,14,61
270,270,506,370,113,13,107,5,453,138,245
271,271,314,313,101,345,503,26,408,282,217
272,272,322,172,461,293,489,140,78,469,60
273,273,71,293,48,287,286,456,83,512,210
274,274,213,442,356,265,319,354,223,498,64
275,275,43,461,465,179,436,142,103,323,326
276,276,74,93,215,391,192,16,243,449,368
277,277,162,470,392,164,116,484,310,126,460
278,278,94,91,241,369,516,59,406,96,433
279,279,351,354,8,46,83,223,349,231,90
280,280,424,344,335,144,498,319,361,491,103
281,281,434,142,106,508,228,323,179,425,326
282,282,345,271,408,54,48,71,101,503,314
283,283,103,105,381,43,275,465,248,461,413
284,284,200,358,161,227,374,172,59,209,80
285,285,350,372,173,462,212,1,348,152,468
286,293,327,489,286,35,235,375,210,78,320
287,512,71,48,450,154,210,514,479,348,47
288,288,53,181,313,15,244,217,499,314,255
289,289,447,388,294,349,17,279,390,102,145
290,290,67,357,97,254,194,511,163,295,487
291,291,342,457,175,134,499,387,260,161,392
292,292,338,372,304,27,221,472,152,404,357
293,293,286,489,96,59,435,84,433,113,91
294,294,17,341,76,90,390,102,349,289,497
295,295,194,487,131,141,368,402,515,63,222
296,296,9,263,58,357,336,396,212,204,458
297,133,297,314,352,313,123,271,9,34,476
298,298,316,68,267,129,457,160,497,85,376
299,299,419,384,440,420,68,339,351,90,316
300,300,35,293,59,6,444,39,326,479,179
301,301,323,179,460,419,305,135,436,106,93
302,302,367,421,392,484,126,181,30,78,27
303,303,454,155,36,161,124,322,66,316,78
304,304,338,472,234,458,399,203,131,152,154
305,305,106,135,323,99,139,248,132,508,434
306,306,361,72,223,424,488,46,370,231,344
307,307,161,284,342,495,200,68,291,227,298
308,308,148,242,519,189,171,210,446,336,65
309,309,103,248,337,105,397,283,461,33,353
310,310,449,470,271,408,18,478,345,192,313
311,311,411,263,519,111,336,204,333,446,58
312,312,177,493,125,463,322,22,73,238,460
313,313,314,271,503,101,92,26,192,345,437
314,314,313,271,503,101,352,26,383,92,297
315,315,12,200,284,358,427,161,249,374,227
316,316,160,298,61,376,191,267,428,68,346
317,317,68,316,451,160,428,510,191,197,346
318,318,346,157,428,61,328,467,376,398,365
319,319,274,442,213,182,82,280,356,265,473
320,438,375,320,327,76,286,489,224,486,450
321,321,88,64,495,186,435,172,227,343,436
322,322,272,109,493,78,327,463,158,346,467
323,323,179,43,142,508,434,436,326,99,106
324,324,376,346,298,365,441,421,78,112,456
325,325,451,68,428,126,153,318,456,346,298
326,326,39,179,248,142,323,434,435,107,271
327,327,286,373,320,158,375,29,35,109,224
328,328,157,44,318,267,160,264,346,316,145
329,329,420,114,28,31,173,2,372,462,492
330,330,428,353,228,184,288,153,68,325,461
331,331,433,361,84,113,272,293,488,172,306
332,332,386,481,267,161,264,342,316,298,191
333,333,111,474,221,468,1,130,411,206,203
334,334,348,226,18,180,216,478,1,171,2
335,335,344,410,280,236,341,424,231,223,361
336,336,148,348,180,171,212,210,242,261,396
337,337,469,105,219,103,38,43,413,283,107
338,338,304,458,452,1,472,348,180,212,27
339,339,29,492,241,59,235,502,349,384,25
340,340,116,451,61,385,346,381,477,463,160
341,341,294,390,76,90,17,102,349,424,410
342,342,291,134,457,260,499,387,392,161,307
343,436,43,381,343,323,106,73,179,88,321
344,344,335,410,280,424,341,361,236,306,223
345,345,101,282,271,479,192,71,449,48,512
346,346,191,158,264,456,376,61,451,78,318
347,347,504,168,61,376,190,318,490,427,166
348,348,180,171,1,148,71,2,48,261,515
349,349,384,102,90,502,341,390,492,339,486
350,350,285,348,180,71,48,171,287,512,2
351,8,46,135,223,99,96,231,279,354,351
352,352,403,314,123,271,297,313,476,26,503
353,353,461,362,493,330,105,397,211,89,49
354,354,351,279,469,46,442,83,172,8,153
355,355,265,356,128,431,442,213,274,451,325
356,356,265,213,274,442,355,431,186,144,319
357,357,254,152,97,409,131,203,296,1,348
358,358,227,284,172,200,121,374,166,209,102
359,359,358,441,227,481,376,200,284,172,80
360,360,239,152,368,450,357,226,203,409,1
361,361,306,424,72,231,223,433,331,488,252
362,362,326,84,353,435,107,461,228,480,113
363,363,507,151,427,12,373,429,266,131,214
364,364,228,508,326,323,414,480,465,179,106
365,365,129,318,324,376,267,157,346,61,298
366,366,19,90,492,502,197,124,110,388,423
367,367,302,392,421,484,78,242,453,51,181
368,368,487,141,402,28,450,152,203,31,420
369,369,519,411,163,130,86,234,311,446,350
370,370,113,72,506,51,306,361,270,351,453
371,371,231,159,438,451,320,8,186,356,430
372,372,462,285,173,247,197,420,28,350,368
373,373,507,29,235,486,214,152,327,475,161
374,374,200,358,284,13,121,60,473,209,227
375,375,320,438,286,351,191,264,96,327,475
376,376,61,166,346,158,316,78,264,161,318
377,377,47,31,437,108,514,28,173,512,188
378,378,261,163,511,2,171,348,515,409,180
379,379,239,28,114,31,389,63,420,170,2
380,380,189,516,324,112,489,410,396,113,299
381,381,436,116,343,508,43,106,227,463,103
382,382,109,464,482,170,480,426,309,137,228
383,40,503,133,394,314,383,313,391,408,271
384,384,349,83,516,102,419,339,240,299,502
385,385,340,73,518,328,428,177,312,318,160
386,386,240,44,481,332,384,267,419,160,68
387,387,499,401,134,457,180,291,342,348,171
388,388,289,349,390,341,36,83,90,46,102
389,389,409,28,141,420,239,63,379,31,515
390,390,90,341,59,423,102,502,250,349,6
391,21,92,164,93,40,394,87,74,391,450
392,392,126,181,457,346,134,175,456,342,15
393,26,393,118,167,164,101,449,230,314,313
394,40,21,391,383,394,220,104,243,87,146
395,395,238,408,77,74,273,391,56,301,21
396,396,412,452,148,189,171,212,180,403,336
397,397,89,463,257,493,105,33,132,103,116
398,398,49,318,428,445,191,129,70,267,38
399,399,472,479,304,164,230,338,154,494,402
400,400,35,327,266,23,75,507,109,201,214
401,401,387,499,457,291,396,260,134,175,412
402,402,141,487,368,28,31,114,247,449,420
403,352,403,396,503,314,412,271,452,242,10
404,404,432,221,32,292,131,36,409,154,111
405,405,27,48,136,71,173,210,143,470,450
406,406,516,384,83,349,197,441,419,388,289
407,407,42,213,274,491,520,174,252,60,219
408,408,271,282,391,101,345,383,503,314,87
409,389,452,357,409,234,152,141,131,28,163
410,410,335,344,236,341,424,231,223,17,19
411,519,411,311,446,51,111,308,136,396,333
412,412,452,396,148,171,180,212,348,1,189
413,413,105,103,60,219,39,178,473,397,43
414,414,228,465,326,237,217,179,323,142,271
415,235,415,23,373,201,29,35,502,486,339
416,416,119,78,5,79,178,245,155,257,166
417,417,179,465,323,237,300,39,444,425,488
418,418,159,231,491,361,430,488,186,424,30
419,419,492,384,31,241,299,44,197,339,160
420,420,28,31,114,2,63,348,1,180,368
421,421,172,37,346,78,302,49,324,456,60
422,422,515,10,101,420,222,63,173,131,87
423,423,90,250,390,25,502,102,349,341,492
424,424,361,102,341,6,390,231,280,444,498
425,425,434,142,96,508,281,496,435,323,179
426,426,140,179,215,323,480,107,21,391,238
427,427,12,151,315,61,429,363,456,161,358
428,428,191,264,510,318,467,316,346,161,325
429,429,151,483,66,12,427,363,205,97,315
430,430,186,64,231,39,46,321,488,8,435
431,431,356,213,355,274,265,430,147,231,442
432,432,404,32,131,409,348,234,336,239,515
433,433,172,96,435,293,331,113,83,27,489
434,434,142,508,425,281,135,323,179,99,326
435,435,96,293,433,326,489,172,321,46,83
436,436,343,43,381,323,106,179,73,460,116
437,437,514,173,512,47,377,71,287,2,450
438,438,320,76,375,351,46,486,341,8,223
439,439,509,466,14,178,245,143,5,370,70
440,440,136,341,8,90,424,291,351,299,102
441,441,145,358,227,359,172,346,456,61,324
442,442,274,265,213,356,354,319,351,8,355
443,443,10,87,54,27,48,71,180,452,171
444,444,231,102,424,99,300,223,248,135,8
445,445,70,267,129,398,481,209,497,44,298
446,446,519,411,171,308,448,261,148,350,111
447,447,289,193,156,145,339,384,349,240,36
448,261,210,48,71,511,287,512,448,242,171
449,192,345,164,449,101,402,377,271,16,47
450,450,287,512,514,71,87,173,48,210,27
451,451,346,510,325,126,160,477,456,264,61
452,452,412,396,180,171,1,348,212,148,10
453,453,113,107,506,72,433,488,466,370,84
454,454,303,155,373,193,214,235,327,286,29
455,455,272,471,64,42,190,237,417,321,156
456,456,346,392,191,273,451,158,61,264,172
457,457,134,342,291,499,260,392,387,255,1
458,458,338,304,154,472,27,242,210,65,476
459,459,311,149,308,51,204,263,189,86,352
460,460,43,436,179,323,343,471,493,238,172
461,461,275,140,272,228,43,326,33,353,463
462,462,372,247,197,285,173,28,31,114,377
463,463,33,116,493,397,224,257,381,467,436
464,464,482,480,164,312,137,238,109,116,201
465,465,228,179,323,414,142,326,434,39,417
466,466,242,439,286,375,453,438,320,210,178
467,467,224,161,428,116,493,318,463,166,155
468,468,206,474,247,111,141,333,452,285,10
469,469,354,337,46,172,105,103,60,272,473
470,470,478,310,164,192,405,92,391,108,93
471,471,460,272,238,43,312,140,455,436,417
472,472,399,230,304,338,154,479,458,494,164
473,473,200,374,284,498,424,413,390,280,13
474,474,111,333,468,350,287,206,519,512,348
475,475,245,29,373,161,200,166,235,113,286
476,476,242,210,51,27,514,48,314,396,437
477,477,451,504,88,456,325,346,441,340,126
478,478,334,470,108,54,512,479,216,310,287
479,479,512,287,345,230,71,348,35,48,180
480,480,106,508,137,435,381,326,323,92,228
481,481,267,44,209,316,386,332,70,359,298
482,482,238,464,137,183,109,117,312,215,55
483,483,151,429,66,427,12,169,251,363,190
484,484,367,392,302,244,518,38,126,15,387
485,485,453,506,501,270,370,113,439,72,489
486,486,373,502,235,76,349,507,102,29,438
487,487,141,203,368,402,295,206,28,152,31
488,488,491,72,361,306,6,433,430,293,60
489,489,293,286,96,113,435,433,320,327,224
490,490,144,61,102,227,486,342,358,502,291
491,491,186,172,488,64,60,280,358,361,433
492,492,25,339,90,419,502,102,349,241,223
493,493,463,397,467,312,116,322,89,33,257
494,494,271,101,217,314,503,383,472,154,338
495,495,88,321,510,64,284,172,96,307,227
496,496,25,425,423,492,444,223,281,248,46
497,497,85,129,298,267,209,294,143,70,419
498,498,144,424,473,280,341,213,410,68,274
499,499,181,134,387,457,342,53,255,291,260
500,107,500,179,208,112,323,326,237,39,403
501,501,485,453,270,506,107,513,165,465,517
502,502,90,349,102,390,492,423,486,235,339
503,503,101,314,313,271,383,345,403,192,391
504,504,347,477,61,376,359,358,456,441,427
505,505,359,182,441,280,358,80,284,227,319
506,506,113,270,84,293,370,453,91,51,433
507,507,373,235,29,486,363,214,170,131,222
508,434,142,99,323,135,425,281,106,179,508
509,509,439,294,424,72,473,17,306,361,390
510,510,264,191,428,451,346,495,158,316,317
511,261,2,378,348,171,180,448,163,187,11
512,512,287,71,514,48,47,479,450,210,154
513,513,123,297,506,500,352,370,403,250,133
514,514,437,512,287,450,173,71,48,222,230
515,515,239,131,348,180,2,171,420,422,378
516,516,384,83,349,390,406,341,59,359,419
517,517,142,39,326,434,107,179,113,508,488
518,518,125,15,385,22,399,484,342,392,57
519,446,411,519,308,148,350,171,180,111,242
520,520,424,6,199,59,341,419,488,39,331
521,377,437,47,31,188,173,514,512,2,108
522,467,460,87,315,43,427,272,257,493,161
523,450,154,287,222,512,217,514,292,455,368
524,234,163,409,263,338,1,180,348,452,432
525,384,298,203,497,85,76,129,516,341,299
526,172,491,358,227,186,444,64,60,103,43
527,278,91,6,454,60,39,59,229,519,516
528,281,228,326,434,508,142,313,435,323,179
529,500,112,503,281,107,113,85,327,165,352
530,271,313,314,192,345,101,26,449,92,437
531,46,90,492,193,419,19,8,388,351,289
532,493,463,312,116,33,480,467,73,89,397
533,82,145,289,209,42,199,219,267,38,388
534,268,127,460,436,493,43,343,174,315,471
535,154,350,474,111,131,285,512,287,468,304
536,272,312,460,22,275,461,177,140,43,471
537,143,152,452,409,203,141,412,28,1,329
538,428,322,330,318,467,177,346,191,264,317
539,72,306,361,252,431,488,213,274,331,520
540,274,319,213,442,469,82,178,356,370,473
541,236,335,410,7,430,344,231,46,424,193
542,106,323,179,508,39,241,436,326,343,142
543,422,514,222,120,10,515,207,131,217,271
544,180,348,171,148,2,48,71,515,261,239
545,135,99,248,142,434,351,8,508,17,294
546,435,59,339,241,326,96,358,423,85,284
547,354,153,401,10,387,440,38,103,498,89
548,241,284,339,59,96,90,227,142,351,434
549,452,28,412,348,1,141,180,420,409,10
550,121,168,13,209,358,5,166,374,200,112
551,422,222,515,10,152,131,514,512,87,479
552,248,103,283,99,105,135,397,275,43,461
553,74,195,391,21,408,226,104,87,395,216
554,392,126,181,15,342,134,175,291,457,260
555,17,294,341,492,90,410,102,349,502,231
556,179,323,460,326,391,107,39,300,43,426
557,253,67,437,163,11,514,378,188,448,110
558,394,40,21,383,391,104,220,87,146,243
559,370,72,485,506,306,270,361,459,46,178
560,192,16,101,188,26,313,393,92,314,118
561,146,34,75,177,133,215,482,426,56,77
562,178,469,413,60,370,5,473,138,46,72
563,109,256,259,448,375,476,11,79,34,435
564,236,410,335,231,344,90,19,424,390,223
565,111,474,519,404,411,432,446,369,350,378
566,456,427,504,185,325,12,61,318,346,376
567,435,326,323,248,179,142,339,480,96,434
568,323,179,343,106,436,430,39,43,326,488
569,102,76,486,349,438,198,29,235,90,424
570,281,179,323,107,434,142,508,43,140,228
571,65,210,242,256,448,476,378,48,51,71
572,424,370,52,102,361,121,390,112,509,473
573,166,227,116,358,78,161,441,454,317,172
574,405,143,503,314,51,167,210,479,476,412
575,439,509,485,370,506,466,390,270,453,52
576,272,322,78,75,286,158,166,257,327,155
577,231,223,8,159,430,236,351,410,46,361
578,180,348,171,148,71,1,48,452,261,2
579,207,391,268,243,117,394,217,21,164,16
580,59,6,390,90,91,293,235,339,241,85
581,189,196,204,51,352,270,485,459,87,308
582,97,357,130,254,268,32,217,26,16,432
583,460,43,184,461,272,471,137,436,140,275
584,103,43,172,381,116,358,275,227,142,326
585,133,383,314,503,217,40,313,34,394,494
586,82,319,49,182,240,445,70,267,13,121
587,110,508,228,364,281,137,434,323,140,142
588,179,99,323,248,135,326,139,142,43,107
589,217,494,26,271,314,313,472,399,230,207
590,348,350,180,71,48,287,512,171,210,479
591,456,274,213,483,70,82,355,157,151,398
592,192,313,101,314,503,383,297,217,494,117
593,103,381,283,135,248,153,99,436,105,116
594,234,409,203,432,152,304,131,67,357,163
595,222,71,48,27,258,173,450,210,287,154
596,126,181,53,321,499,392,451,88,47,175
597,452,412,348,1,180,28,396,409,10,141
598,15,53,57,436,43,22,343,126,125,392
599,339,294,209,59,17,29,358,497,284,241
600,492,90,102,349,339,341,25,223,390,502
601,390,341,46,102,90,349,85,424,76,59
602,172,354,64,293,96,489,272,200,435,284
603,242,210,48,71,148,476,287,27,65,512
604,101,345,449,503,192,420,271,16,164,313
605,51,476,242,210,136,27,48,71,258,412
606,21,403,352,51,391,394,40,87,92,242
607,101,271,408,391,345,16,450,314,503,383
608,90,390,223,424,231,410,444,6,502,300
609,384,299,516,96,83,390,284,419,90,102
610,391,117,92,243,164,21,40,93,183,207
611,430,186,488,417,231,321,323,272,431,179
612,341,349,102,424,390,294,489,76,90,502
613,368,487,141,402,188,203,152,28,31,420
614,249,423,349,384,339,13,59,425,241,25
615,365,324,129,145,441,318,376,70,41,421
616,213,274,356,442,265,319,498,431,354,223
617,243,394,40,93,391,120,383,92,215,164
618,492,379,170,90,502,419,102,349,147,248
619,16,67,192,26,188,217,393,194,118,55
620,10,87,203,314,503,443,210,313,452,212
621,203,32,432,487,152,221,336,189,1,368
622,74,21,133,391,87,408,40,282,403,352
623,43,460,179,436,323,172,343,353,103,107
624,188,512,514,437,287,450,173,136,192,254
625,144,50,64,498,441,7,145,153,265,354
626,16,26,368,101,450,268,393,449,391,345
627,207,217,92,271,391,120,164,314,514,313
628,22,288,244,125,181,255,177,53,461,92
629,293,96,435,433,59,91,84,286,489,48
630,419,44,497,145,267,17,294,197,19,240
631,386,240,384,504,477,68,419,44,316,227
632,28,31,462,114,420,329,372,368,141,402
633,117,357,146,254,296,21,394,97,217,58
634,367,445,14,387,255,65,401,5,439,263
635,489,435,339,96,293,88,430,438,323,106
636,163,378,187,11,67,234,253,261,511,100
637,46,351,223,8,83,341,222,231,354,390
638,110,25,492,423,366,241,163,259,502,90
639,508,224,142,434,56,463,257,425,281,192
640,293,286,71,273,237,435,235,48,96,512
641,107,142,293,281,326,434,179,59,91,39
642,178,78,37,79,416,60,274,331,213,269
643,238,391,224,179,35,323,312,493,327,460
644,174,337,43,275,103,219,105,38,283,413
645,243,120,125,55,394,93,183,391,40,207
646,258,476,242,65,210,27,48,222,71,148
647,191,346,158,264,316,89,510,317,157,322
648,235,85,59,250,90,241,339,6,348,180
649,352,123,403,297,314,476,271,51,313,167
650,97,58,130,357,32,404,221,468,483,254
651,346,116,78,451,172,392,61,264,161,456
652,341,102,294,76,390,349,90,17,59,502
653,294,189,509,52,520,453,17,341,331,374
654,356,8,186,144,231,213,498,351,50,354
655,47,2,377,512,479,345,108,449,28,287
656,192,345,93,449,101,16,391,313,271,408
657,128,499,387,182,134,457,342,357,255,291
658,519,65,350,148,378,180,171,404,308,348
659,130,357,254,136,479,296,97,431,58,472
660,426,35,224,286,425,201,165,29,132,475
661,452,171,212,1,348,261,180,412,511,152
662,519,411,111,446,474,311,336,350,308,210
663,23,235,201,415,373,35,29,502,214,402
664,151,429,66,483,12,427,363,97,315,357
665,192,101,188,449,345,313,217,16,508,117
666,151,296,376,70,298,249,357,290,429,269
667,294,509,102,424,390,17,341,38,289,466
668,235,475,29,286,261,59,171,373,250,35
669,311,411,519,446,308,189,396,242,148,369
670,296,357,58,9,336,263,396,212,189,148
671,420,348,1,180,2,28,452,515,31,171
672,514,437,512,173,287,438,450,320,351,181
673,345,101,271,408,391,16,450,15,314,383
674,316,298,61,160,376,177,264,507,457,267
675,142,508,434,140,364,179,224,99,465,323
676,5,401,457,138,387,367,189,178,439,14
677,192,101,271,314,503,345,313,391,408,142
678,163,234,378,67,511,409,261,194,389,263
679,25,339,187,249,423,29,492,241,496,253
680,37,346,78,376,158,269,79,119,191,166
681,76,160,490,17,3,486,492,415,316,218
682,453,370,466,509,439,72,289,270,306,506
683,263,234,432,9,65,189,296,32,396,336
684,271,313,314,101,345,26,92,192,514,217
685,288,244,133,15,297,53,182,461,383,503
686,514,437,207,217,254,512,222,63,287,173
687,15,162,175,53,22,57,291,392,244,43
688,389,114,234,194,402,409,141,163,487,63
689,78,79,172,346,116,166,451,510,191,264
690,487,368,379,141,295,402,63,194,304,399
691,131,487,348,368,511,203,287,2,512,152
692,312,116,436,463,73,177,518,343,364,275
693,487,28,368,141,203,31,402,114,420,63
694,456,365,61,376,346,441,155,427,317,324
695,452,203,152,412,141,212,396,409,511,468
696,378,163,372,212,187,292,285,462,261,409
697,271,314,313,101,345,26,503,217,514,92
698,242,65,210,51,476,308,48,148,71,336
699,312,482,400,464,238,243,75,480,55,177
700,379,194,67,11,437,2,511,163,368,141
701,131,515,295,239,368,348,2,222,98,512
702,458,338,27,154,210,472,476,48,71,242
703,187,496,25,447,339,289,281,425,249,193
704,402,32,432,487,368,141,268,97,31,221
705,242,210,48,71,334,148,476,65,287,108
706,514,437,512,287,450,188,230,173,92,26
707,357,296,97,58,152,203,338,130,254,336
708,323,436,179,106,343,508,43,142,434,139
709,78,60,416,5,246,113,119,178,112,64
710,361,306,344,72,488,335,410,223,424,341
711,16,101,313,192,391,74,215,26,314,393
712,8,351,19,135,231,99,492,223,46,96
713,354,231,126,172,321,442,8,144,153,227
714,376,198,61,255,158,166,316,445,346,269
715,420,368,487,141,402,63,31,28,203,152
716,485,501,453,270,459,506,296,112,439,513
717,235,201,415,23,29,2,35,373,339,486
718,234,263,163,304,409,432,336,203,32,131
719,377,47,420,108,437,173,514,28,512,114
720,113,245,121,475,13,52,200,112,5,96
721,203,1,348,180,452,152,487,212,171,412
722,96,113,293,435,433,489,425,142,434,351
723,442,309,496,319,274,265,283,82,213,469
724,201,235,29,373,23,486,339,415,384,507
725,248,103,337,283,105,3,397,219,53,43
726,29,373,168,475,235,190,339,229,415,6
727,285,193,194,441,266,456,255,36,427,372
728,71,48,287,515,154,512,222,210,131,348
729,419,492,102,384,197,241,299,339,502,227
730,114,28,31,420,2,379,47,402,141,377
731,267,44,240,481,145,209,445,316,129,298
732,36,339,388,124,91,193,29,59,285,293
733,188,512,514,287,450,437,136,173,254,71
734,440,341,8,90,351,102,390,349,424,492
735,33,463,315,127,461,326,43,381,436,493
736,113,475,245,200,112,6,13,59,121,96
737,251,12,483,429,427,66,145,151,41,70
738,427,12,161,307,151,69,315,342,284,291
739,356,213,274,265,231,431,442,223,8,351
740,168,52,339,84,143,59,29,209,489,475
741,146,104,117,21,394,40,55,215,34,195
742,101,313,391,314,383,503,345,192,271,408
743,28,141,114,31,389,420,379,2,402,368
744,212,261,412,452,511,171,396,336,11,51
745,192,313,101,188,449,345,508,314,503,16
746,345,313,448,192,503,314,101,261,282,511
747,271,192,503,314,101,345,408,313,282,136
748,10,173,188,372,462,187,212,511,437,285
749,449,93,192,345,16,47,377,101,368,276
750,203,131,304,234,152,336,357,295,487,515
751,228,465,179,323,142,434,281,140,417,107
752,446,187,378,163,100,11,369,212,67,285
753,126,392,181,175,134,499,342,172,457,291
754,276,93,74,117,215,183,262,383,391,243
755,348,131,287,203,152,180,512,511,2,261
756,56,109,314,313,224,132,297,397,170,414
757,468,143,396,311,58,403,452,412,336,411
758,487,141,402,295,368,194,462,28,372,31
759,452,226,412,396,334,180,148,18,143,216
760,457,342,392,260,134,291,181,499,15,126
761,10,87,203,422,71,54,173,348,1,48
762,201,23,235,259,194,400,415,198,507,373
763,322,109,463,79,69,78,181,249,33,264
764,462,372,285,474,173,247,206,28,114,31
765,376,346,61,78,158,166,119,257,37,318
766,15,401,87,21,175,387,392,22,457,367
767,248,153,351,8,135,492,90,99,435,46
768,450,71,287,48,452,10,27,210,514,512
769,405,210,51,476,143,27,136,48,71,242
770,235,29,373,85,475,1,316,161,339,454
771,321,88,156,495,354,64,240,172,186,447
772,78,493,166,257,116,79,376,37,467,172
773,172,358,227,64,186,88,321,392,381,495
774,341,59,374,390,85,6,76,294,241,433
775,171,180,348,261,148,511,452,2,412,210
776,215,276,93,74,55,117,16,391,183,92
777,111,474,519,350,446,411,348,180,285,333
778,342,291,457,134,260,255,499,161,315,392
779,48,27,71,65,258,1,210,450,173,154
780,514,71,48,27,437,476,173,271,450,210
781,509,439,516,5,94,52,189,453,520,3
782,468,206,247,141,285,28,452,474,372,350
783,336,212,396,338,452,412,148,458,152,203
784,227,88,419,64,321,241,249,160,284,495
785,426,109,414,362,92,137,480,228,464,170
786,389,239,515,378,2,409,348,180,420,432
787,348,148,180,336,171,210,452,212,396,261
788,119,367,416,41,129,365,70,353,324,421
789,192,313,314,503,101,271,393,26,345,92
790,14,95,65,370,119,113,204,453,185,466
791,121,473,13,5,52,358,374,424,103,280
792,515,2,239,379,131,114,28,98,47,31
793,413,174,103,219,105,39,64,144,498,135
794,85,298,64,316,284,161,358,307,68,209
795,420,402,348,1,28,2,180,31,239,114
796,265,442,356,274,213,354,495,355,88,147
797,441,145,240,267,44,365,318,38,447,289
798,46,231,351,223,433,8,102,361,444,83
799,350,404,432,36,285,131,111,409,154,474
800,109,435,23,437,327,514,235,170,286,29
801,2,28,114,31,47,420,348,180,239,379
802,367,401,121,5,269,387,112,189,166,499
803,175,126,181,392,342,291,499,387,191,134
804,336,148,308,189,171,242,51,396,180,506
805,512,71,287,48,210,514,47,348,173,450
806,345,192,449,101,271,408,391,16,323,93
807,380,189,396,475,112,203,334,143,76,226
808,227,241,339,102,358,59,90,433,147,492
